,name,age
0,ธีรเดช วงศ์พัวพันธ์,42
1,บุษกร วงศ์พัวพันธ์,49
2,ลลิตา ปัญโญภาส,48
3,แอน ทองประสม,43
4,เจนี่ อัลภาชน์ ณ ป้อมเพชร,38
5,หยาดทิพย์ ราชปาล,33
6,พิยดา จุฑารัตนกุล,44
7,สุนิสา เจทท์,39
8,ทักษอร ภักดิ์สุขเจริญ,39
9,อารยา เอ ฮาร์เก็ต,38
10,เฌอมาลย์ บุญยศักดิ์,37
11,เข็มอัปสร สิริสุขะ,39
12,มารี เบรินเนอร์,27
13,พิจักขณา วงศารัตนศิลป์,28
14,มนสภรณ์ ชาญเฉลิม,25
15,พัชราภา ไชยเชื้อ,41
16,พิทยา ณ ระนอง,53
17,อังคณา ทิมดี,56
18,แสงระวี อัศวรักษ์,51
19,เจตริน วรรธนะสิน,49
20,เมทนี บุรณศิริ,53
21,พรชิตา ณ สงขลา,39
22,จักรกฤษณ์ อำมรัตน์,50
23,เกรียงไกร อุณหะนันทน์,63
24,ยุทธพิชัย ชาญเลขา,51
25,รินลณี ศรีเพ็ญ,41
26,ธนากร โปษยานนท์,47
27,ธีรเดช เมธาวรายุทธ,30
28,ศรีริต้า เจนเซ่น ณรงค์เดช,38
29,ปกรณ์ ฉัตรบริรักษ์,35
30,คิมเบอร์ลี แอน เทียมศิริ,28
31,โอบนิธิ วิวรรธนวรางค์,25
32,วรนุช ภิรมย์ภักดี,39
33,วิทยา วสุไกรไพศาล,42
34,จรินทร์พร จุนเกียรติ,30
35,จารุวรรณ ปัญโญภาส,73
36,ศรัณยู วงษ์กระจ่าง,59
37,ฉัตรชัย เปล่งพานิช,60
38,จิรายุส วรรธนะสิน,52
39,วิลลี่ แมคอินทอช,49
40,สหรัถ สังคปรีชา,51
41,ชาตโยดม หิรัณยัษฐิติ,43
42,รวิชญ์ เทิดวงส์,51
43,ชาคริต แย้มนาม,41
44,กฤษฎา พรเวโรจน์,42
45,ชัยพล จูเลี่ยน พูพาร์ต,30
46,ศักดิ์สิทธิ์ แท่งทอง,52
47,ศตวรรษ ดุลยวิจิตร,50
48,สันติสุข พรหมศิริ,56
49,ไพโรจน์ สังวริบุตร,66
50,ปริญ สุภารัตน์,29
51,ธนวรรธน์ วรรธนะภูติ,37
52,วรัทยา นิลคูหา,36
53,เดียร์น่า ฟลีโป,25
54,เจมส์ มาร์,26
55,ชีรณัฐ ยูสานนท์,31
56,ฐากูร การทิพย์,33
57,กมลเนตร เรืองศรี,28
58,นิษฐา จิรยั่งยืน,29
59,รัชวิน วงศ์วิริยะ,36
60,พิชชาภา พันธุมจินดา,27
61,ลลนา ก้องธรนินทร์,32
62,อัษฎาวุธ เหลืองสุนทร,47
63,อรรถพร ธีมากร,46
64,ราศรี บาเล็นซิเอก้า จิราธิวัฒน์,29
65,บรมวุฒิ หิรัญยัษฐิติ,41
66,ภัทรวดี ปิ่นทอง,32
67,ดารณีนุช ปสุตนาวิน,51
68,ศรีพรรณ ชื่นชมบูรณ์,42
69,ธนวัฒน์ ประสิทธิสมพร,36
70,หทัยรัตน์ อมตวณิชย์,57
71,แอนดริว เกร้กสัน,41
72,พอลล่า เทเลอร์,37
73,นาวิน เยาวพลกุล,41
74,ศรราม เทพพิทักษ์,46
75,พัชรศรี เบญจมาศ,43
76,ภูริ หิรัญพฤกษ์,42
77,วรรณรท สนธิไชย,30
78,ธีรภัทร์ สัจจกุล,46
79,โสภิตนภา ชุ่มภาณี,43
80,ฌอห์ณ จินดาโชติ,31
81,ชานนท์ อักขระชาตะ,28
82,ณัฐวุฒิ สกิดใจ,45
83,คริส หอวัง,39
84,มยุรฉัตร เหมือนประสิทธิเวช,70
85,กิตติภัค ทองอ่วม,38
86,ปนัดดา เรืองวุฒิ,40
87,วรกาญจน์ โรจนวัชร,35
88,ลภัสรดา ช่วยเกื้อ,38
89,สวิช เพชรวิเศษศิริ,45
90,เกียรติ กิจเจริญ,56
91,หัทยา วงษ์กระจ่าง,56
92,อรนภา กฤษฎี,65
93,ดารัณ บุญยศักดิ์,40
94,พีท ทองเจือ,51
95,อนันดา เอเวอร์ริ่งแฮม,37
96,รามาวดี นาคฉัตรีย์,41
97,อรุโณชา ภาณุพันธุ์,62
98,ณภัทร เสียงสมบุญ,23
99,พงศธร จงวิลาส,37
100,สาริน รณเกียรติ,25
101,คงกะพัน แสงสุริยะ,46
102,ปิยธิดา มิตรธีรโรจน์,44
103,ภูภูมิ พงศ์ภาณุภาค,28
104,สมจริง ศรีสุภาพ,53
105,เมย์ เฟื่องอารมย์,43
106,อารักษ์ อมรศุภศิริ,35
107,นึกคิด บุญทอง,54
108,นพพล โกมารชุน,66
109,อรรถชัย อนันตเมฆ,54
110,เก็จมณี วรรธนะสิน,46
111,ตระการ พันธุมเลิศรุจี,49
112,จินเจษฎ์ วรรธนะสิน,18
113,ธเนศ วรากุลนุเคราะห์,61
114,ไพบูลย์เกียรติ เขียวแก้ว,67
115,ไมเคิล หว่อง,54
116,กมลชนก เขมะโยธิน,52
117,จักรพันธ์ ครบุรีธีรโชติ,51
118,มาช่า วัฒนพานิช,49
119,จอห์น รัตนเวโรจน์,52
120,นันทนา บุญ-หลง,51
121,ภูธเนศ หงษ์มานพ,43
122,ศรุชา พงศ์ทรงกุล,36
123,ขจรศักดิ์ รัตนนิสสัย,54
124,บุปผา กิ่งชัชวาลย์,59
125,เพ็ญพักตร์ ศิริกุล,59
126,เสกสรร ชัยเจริญ,55
127,วสุ แสงสิงแก้ว,52
128,อรพรรณ พานทอง,52
129,เกริกพล มัสยวาณิช,42
130,สินจัย เปล่งพานิช,55
131,นุสบา ปุณณกันต์,46
132,สัญญา คุณากร,56
133,ซอนย่า คูลลิ่ง,45
134,สโรชา วาทิตตพันธ์,41
135,ธัญญาเรศ เองตระกูล,43
136,เมทินี กิ่งโพยม,47
137,ปวันรัตน์ นาคสุริยะ,54
138,ดรุณี สุทธิพิทักษ์,40
139,ปณิตา ธรรมวัฒนะ,40
140,ไผ่ พงศธร,37
141,ตั๊กแตน ชลดา,36
142,อาทิตรา บริสุทธิ์,33
143,สนธยา ชิตมณี,41
144,ชินกฤช มะลิซ้อน,29
145,พิมประภา ตั้งประภาพร,27
146,ไชยา มิตรชัย,47
147,สุรวุฑ ไหมกัน,45
148,เป็ด เชิญยิ้ม,65
149,อคัมย์สิริ สุวรรณศุข,37
150,เขตต์ ฐานทัพ,42
151,กฤษฎา สุภาพพร้อม,30
152,วัชรบูล ลี้สุวรรณ,38
153,พูลภัทร อัตถปัญญาพล,31
154,โตนนท์ วงศ์บุญ,30
155,อาทิตย์ ตั้งวิบูลย์พาณิชย์,29
156,ทัศนียา การสมนุช,25
157,วีรภาพ สุภาพไพบูลย์,39
158,ภัครมัย โปตระนันท์,42
159,อมีนา พินิจ,33
160,ทราย เจริญปุระ,39
161,หัสวีร์ ภัคพงษ์ไพศาล,22
162,มุกดา นรินทร์รักษ์,23
163,ชนกันต์ พูนศิริวงศ์,26
164,บารมิตา สาครจันทร์,26
165,พีรวัศ กุลนันท์วัฒน์,33
166,คมกฤษณ์ ดวงสุวรรณ์,28
167,วโรดม เข็มมณฑา,28
168,โกสินทร์ ราชกรม,38
169,ชาร์เลท วาศิตา แฮเมเนา,14
170,สิริยากร พุกกะเวส,45
171,นิธิ สมุทรโคจร,45
172,โน้ต เชิญยิ้ม,65
173,หม่ำ จ๊กมก,54
174,ชมพู่ ก่อนบ่ายคลายเครียด,36
175,เจเน็ต เขียว,51
176,ศิริพร อยู่ยอด,48
177,นุ้ย เชิญยิ้ม,45
178,พิศมัย วิไลศักดิ์,80
179,เจษฎาภรณ์ ผลดี,42
180,ปราโมทย์ แสงศร,45
181,จริยา แอนโฟเน่,54
182,ปัทมวรรณ นิยม,43
183,สกาวใจ พูนสวัสดิ์,43
184,ศิริลักษณ์ ผ่องโชค,42
185,ชฎาพร รัตนากร,49
186,นาตยา จันทร์รุ่ง,47
187,ษรฉัตร สหัชธนชัย,45
188,ณุศรา ประวันณา,43
189,ปรียานุช ปานประดับ,56
190,จันทร์จิรา จูแจ้ง,52
191,ศิรประภา สุขดำรงค์,42
192,ขวัญฤดี กลมกล่อม,46
193,อิศริยา สายสนั่น,37
194,รัชนี ศิระเลิศ,57
195,อภิรดี ภวภูตานนท์,54
196,ปนัดดา วงศ์ผู้ดี,44
197,ณหทัย พิจิตรา,50
198,จินตหรา สุขพัฒน์,55
199,พิมลวรรณ หุ่นทองคำ,49
200,สาวิตรี สามิภักดิ์,58
201,จารุณี สุขสวัสดิ์,58
202,สรวงสุดา ลาวัณย์ประเสริฐ,42
203,โชติกา วงศ์วิลาศ,35
204,อัญษนา บุรานันท์,48
205,กชกร นิมากรณ์,47
206,สายธาร นิยมการณ์,44
207,รัดเกล้า อามระดิษ,50
208,ภัทราวดี มีชูธน,71
209,ณัฎฐา ชาญเลขา,40
210,วรายุฑ มิลินทจินดา,65
211,สุริยนต์ อรุณวัฒนกูล,37
212,เปรมณัช สุวรรณานนท์,35
213,ดอม เหตระกูล,43
214,น้ำทิพย์ จงรัชตวิบูลย์,37
215,จารุวัฒน์ เชี่ยวอร่าม,28
216,ดาวิกา โฮร์เน่,27
217,ณฐพร เตมีรักษ์,31
218,ธัญญวีร์ ชุณหสวัสดิกุล,19
219,จิรายุ ตั้งศรีสุข,26
220,วรินทร ปัญหกาญจน์,34
221,ศุภวัฒน์ อ่ำประสิทธิ์,45
222,ฐาปกรณ์ ดิษยนันทน์,63
223,ธนา ฉัตรบริรักษ์,32
224,ภัทร์ ฉัตรบริรักษ์,30
225,บัณฑิต ทองดี,49
226,คีรติ มหาพฤกษ์พงศ์,32
227,ชาลิดา วิจิตรวงศ์ทอง,26
228,ยุทธนา ลอพันธุ์ไพบูลย์,60
229,มาริโอ้ เมาเร่อ,31
230,อรรถพันธ์ พูลสวัสดิ์,26
231,ชญานิษฐ์ ชาญสง่าเวช,25
232,สุทัตตา อุดมศิลป์,22
233,อลิสา ขุนแขวง,26
234,นุติ เขมะโยธิน,52
235,สมเกียรติ จันทร์พราหมณ์,44
236,หรรษา กุศลมโนมัย,30
237,เปี๊ยก โปสเตอร์,87
238,ปัญญา นิรันดร์กุล,64
239,วาสนา สิทธิเวช,60
240,มยุรา เศวตศิลา,61
241,อุทุมพร ศิลาพันธ์,62
242,มนฤดี ยมาภัย,57
243,มารุต สาโรวาท,63
244,ยุทธนา มุกดาสนิท,67
245,ธนิตย์ จิตนุกูล,63
246,นาถยา แดงบุหงา,58
247,เพ็ญ พิสุทธิ์,55
248,รัญญา ศิยานนท์,51
249,สิเรียม ภักดีดำรงฤทธิ์,48
250,รชนีกร พันธุ์มณี,48
251,พงษ์พัฒน์ วชิรบรรจง,58
252,จอนนี่ แอนโฟเน่,50
253,ณัฐริกา ธรรมปรีดานันท์,41
254,สุวนันท์ ปุณณกันต์,41
255,ชไมพร จตุรภุช,56
256,ตะวัน จารุจินดา,39
257,ดนุพร ปุณณกันต์,48
258,จีรนันท์ มะโนแจ่ม,39
259,อนุชิต สพันธุ์พงษ์,40
260,พิมลรัตน์ พิศลยบุตร,36
261,คัทลียา แมคอินทอช,47
262,นิรุตติ์ ศิริจรรยา,72
263,สรพงศ์ ชาตรี,69
264,โทนี่ รากแก่น,38
265,อริย์กันตา มหาพฤกษ์พงศ์,30
266,ศรัณย์ ศิริลักษณ์,28
267,ธัญญะสุภางค์ จิรปรีชานนท์,29
268,อรรคพันธ์ นะมาตร์,35
269,อุษามณี ไวทยานนท์,32
270,ภัทรเดช สงวนความดี,29
271,ฝนทิพย์ วัชรตระกูล,29
272,พิมพ์ชนก ลือวิเศษไพบูลย์,27
273,ศิวัฒน์ โชติชัยชรินทร์,38
274,กาญจน์เกล้า ด้วยเศียรเกล้า,31
275,รฐา โพธิ์งาม,36
276,ธนา สุทธิกมล,43
277,ชุดาภา จันทเขตต์,51
278,เพชรี พรหมช่วย,54
279,อาภาพร กรทิพย์,56
280,ปนัดดา โกมารทัต,62
281,สุพรรษา เนื่องภิรมย์,58
282,ปวีณา ชารีฟสกุล,54
283,น้ำฝน โกมลฐิติ,48
284,รวิวรรณ จินดา,58
285,ธิติมา สังขพิทักษ์,61
286,สุภาภรณ์ คำนวณศิลป์,47
287,นาเดีย โสณกุล,41
288,เคลลี่ ธนะพัฒน์,49
289,เอมี่ กลิ่นประทุม,37
290,ไดอาน่า จงจินตนาการ,38
291,เบญจพล เชยอรุณ,49
292,อนันต์ บุนนาค,56
293,ไมค์ ภิรมย์พร,53
294,ดิเรก อมาตยกุล,66
295,ดนัย สมุทรโคจร,39
296,แอนนี่ บรู๊ค,39
297,สราวุฒิ พุ่มทอง,41
298,กาญจนาพร ปลอดภัย,60
299,มาติกา อรรถกรศิริโพธิ์,33
300,บงกช คงมาลัย,34
301,อนุวัฒน์ นิวาตวงศ์,53
302,วิธวัฒน์ สิงห์ลำพอง,32
303,ณัฐชา นวลแจ่ม,27
304,กิตตน์ก้อง ขำกฤษ,30
305,กรเศก โคนินทร์,35
306,พิชยดนย์ พึ่งพันธ์,31
307,รัญดภา มันตะลัมพะ,27
308,พิมพ์พรรณ ชลายนคุปต์,42
309,ศรัณย่า ชุณหศาสตร์,27
310,นวพล ภูวดล,37
311,พลรัตน์ รอดรักษา,53
312,ปิติศักดิ์ เยาวนานนท์,38
313,พีรกร โพธิ์ประเสริฐ,30
314,ปทิตตา อัธยาตมวิทยา,33
315,อนิสา นูกราฮา,29
316,พิไลรัมภา สิริสุรีภัสร์,35
317,ฐิตินันท์ สุวรรณถาวร,33
318,วริฏฐิสา ลิ้มธรรมมหิศร,28
319,อนุวัฒน์ ชูเชิดรัตนา,34
320,จิณณะ นวรัตน์,27
321,มชณต สุวรรณมาศ,27
322,ธันย์ชนก ฤทธินาคา,32
323,นิดา พัชรวีระพงษ์,35
324,ณัฏฐ์ เทพหัสดิน ณ อยุธยา,35
325,ศรุชา เพชรโรจน์,29
326,สุพจน์ จันทร์เจริญ,44
327,อริสรา ทองบริสุทธิ์,29
328,เดือนเต็ม สาลิตุล,62
329,มยุริญ ผ่องผุดพันธ์,44
330,คะนึงนิจ จักรสมิทธานนท์,33
331,ฉันทวิชช์ ธนะเสวี,36
332,ณปภา ตันตระกูล,33
333,อครา อมาตยกุล,45
334,มาวิน ทวีผล,38
335,จิตตาภา แจ่มปฐม,34
336,นนทรีย์ นิมิบุตร,57
337,พศุตม์ บานแย้ม,37
338,เอสเธอร์ สุปรีย์ลีลา,25
339,ณัฐวิญญ์ วัฒนกิติพัฒน์,26
340,จิรายุ ตันตระกูล,30
341,อเล็กซ์ เรนเดลล์,30
342,สุภัสสรา ธนชาต,24
343,สรวิชญ์ สุบุญ,36
344,ภัทรากร ตั้งศุภกุล,30
345,พริมา พันธุ์เจริญ,28
346,พิมพ์ปวีณ์ โคกระบินทร์,30
347,วรรณษา ทองวิเศษ,40
348,เปรมสินี รัตนโสภา,38
349,จณิสตา ลิ่วเฉลิมวงศ์,47
350,หนึ่งธิดา โสภณ,27
351,ศิรพันธ์ วัฒนจินดา,37
352,ธัญยกันต์ ธนกิตติ์ธนานนท์,33
353,แวร์ โซว,45
354,เบญทราย หุ่นน้อย,45
355,เกียรติศักดิ์ อุดมนาค,50
356,สุวัจนี พานิชชีวะ,45
357,เกริก ชิลเลอร์,48
358,วิริฒิพา ภักดีประสงค์,38
359,นิโคลัส เคจ,56
360,สตีเวน ซีกัล,67
361,เรย์ แมคโดนัลด์,42
362,ยศวดี หัสดีวิจิตร,40
363,ไมเคิล พูพาร์ต,48
364,โอลิเวอร์ พูพาร์ต,47
365,สุรเดช พินิวัตร์,21
366,สุริวิภา กุลตังวัฒนา,52
367,สมเจต พยัฆโส,58
368,นลินทิพย์ เพิ่มภัทรสกุล,32
369,จิรายุ ละอองมณี,24
370,สุวพิชญ์ ไตรพรวรกิจ,27
371,เติมเศวตชัย นาคสุข,23
372,รมิดา ธีรพัฒน์,22
373,บัณฑวิช ตระกูลพานิชย์,29
374,ณัฐรินทร์ สุวรรณเลิศ,27
375,ปวรพัฒน์ จารุศักดิ์วีรกุล,22
376,ธรากร สุขสมเลิศ,40
377,ณทรรศชัย จรัสมาส,28
378,อังคณา วรรัตนาชัย,24
379,สันติราษฎร์ กุลนพเกียรติ,32
380,ปริตา ไชยรักษ์,24
381,ณัฐชนน ภูวนนท์,27
382,กัญญารัตน์ พงศ์กัมปนาท,28
383,จุติ จำเริญเกตุประทีป,26
384,ญดา สุวรรณปัฏนะ,24
385,พสธร ทรงถาวรทวี,30
386,พศุฑย์ พงศ์พศุตม์,26
387,ไพรัช สังวริบุตร,88
388,ณัฐวรา วงศ์วาสนา,32
389,ราณี แคมเปน,30
390,ศิรินทร์ ปรีดียานนท์,26
391,แซมมี่ เคาวเวลล์,28
392,พุฒิชัย เกษตรสิน,33
393,ศุกลวัฒน์ คณารศ,34
394,ศุภชัย ศรีวิจิตร,45
395,ภีรนีย์ คงไทย,30
396,พชร จิราธิวัฒน์,26
397,ชลธร คงยิ่งยง,22
398,จอมขวัญ ลีละพงศ์ประสุต,26
399,ณัฐสิทธิ์ โกฏิมนัสวนิชย์,27
400,เขมนิจ จามิกรณ์,31
401,รณิดา เตชสิทธิ์,23
402,เขมรัชต์ สุนทรนนท์,35
403,ฐสิษฐ์ สินคณาวิวัฒน์,37
404,พาทิศ พิสิฐกุล,36
405,ปุณยาพร พูลพิพัฒน์,34
406,อาภา ภาวิไล,27
407,ไปรยา สวนดอกไม้,30
408,กันตพงศ์ บำรุงรักษ์,33
409,เซฟฟานี่ อาวะนิค,26
410,ปรมิณ ศิระวนาดร,28
411,อัปสรสิริ อินทรคูสิน,21
412,ภัทรพลฒ์ เดชพงษ์วรานนท์,21
413,พัชร์สิตา อธิอนันตศักดิ์,26
414,ณัฐรัฐ โมริส เลอกรอง,31
415,มาสุ จรรยางค์ดีกุล,25
416,ปณาลี วรุณวงศ์,22
417,ปานวาด เหมมณี,40
418,อริศรา วงษ์ชาลี,42
419,อลิชา หิรัญพฤกษ์,41
420,อรจิรา แหลมวิไล,35
421,พิมพ์มาดา บริรักษ์ศุภกร,39
422,ศดานันท์ บาเล็นซิเอก้า,23
423,บริบูรณ์ จันทร์เรือง,40
424,สู่ขวัญ บูลกุล,47
425,ญาณี จงวิสุทธิ์,59
426,สาวิกา ไชยเดช,33
427,แองจิล่า แกรนท์,34
428,ชิดจันทร์ ห่ง,32
429,การิน ศตายุ,38
430,พัชรินทร์ ศรีวสุภิรมย์,33
431,ภรัณยู โรจนวุฒิธรรม,35
432,สโรชา วิริยะเมตตากุล,32
433,คืนสิทธิ์ สุวรรณวัฒกี,50
434,เจสัน ยัง,40
435,ภัทรพล ศิลปาจารย์,41
436,เอกชัย เอื้อสังคมเศรษฐ,45
437,คชาภา ตันเจริญ,41
438,กฤษณ์ ศรีภูมิเศรษฐ์,40
439,ลำไย ไหทองคำ,21
440,วิญญู วงศ์สุรวัฒน์,34
441,อรการ จิวะเกียรติ,34
442,นาท ภูวนัย,73
443,ชรินทร์ นันทนาคร,87
444,ทูน หิรัญทรัพย์,65
445,ไตรภพ ลิมปพัทธ์,64
446,ผอูน จันทรศิริ,57
447,อภินันท์ ประเสริฐวัฒนกุล,41
448,วริษฐ์ ทิพโกมุท,37
449,สุประวัติ ปัทมสูต,82
450,เพ็ญเพ็ชร เพ็ญกุล,45
451,พล ตัณฑเสถียร,48
452,พจน์ อานนท์,54
453,ธาวิน เยาวพลกุล,34
454,แมทธิว ดีน ฉันทวานิช,41
455,กุลสตรี ศิริพงษ์ปรีดา,46
456,สุทธิดา เกษมสันต์ ณ อยุธยา,42
457,ปภัสรา เตชะไพบูลย์,50
458,ซาร่า เล็กจ์,35
459,ซาร่า มาลากุล เลน,37
460,สุจิรา อรุณพิพัฒน์,37
461,อรัชมน รัตนวราหะ,35
462,มารีออน อัฟโฟลเทอร์,35
463,อัฐมา ชีวนิชพันธ์,34
464,กรรชัย กำเนิดพลอย,50
465,ปุณยวีร์ สุขกุลวรเศรษฐ์,49
466,มีสุข คุณดิลกชัยพัฒน์,46
467,กุลนัดดา ปัจฉิมสวัสดิ์ แอนเดอร์สัน,47
468,วุฒิธร มิลินทจินดา,43
469,เกตุเสพย์สวัสดิ์ ปาลกะวงศ์ ณ อยุธยา,51
470,อดิสรณ์ ตรีสิริเกษม,44
471,ศุภักษร เรืองสมบูรณ์,37
472,ถกลเกียรติ วีรวรรณ,53
473,ธิติมา ประทุมทิพย์,40
474,นาตาชา เปลี่ยนวิถี,52
475,ณวัฒน์ กุลรัตนรักษ์,41
476,ลัลณ์ลลิน เตจะสา เวศซ์,28
477,นิธิดล ป้อมสุวรรณ,31
478,ภัณฑิลา วิน ปานสิริธนาโชติ,25
479,เจษฎ์พิพัฒ ติละพรพัฒน์,27
480,หทัยภัทร สมรรถวิทยาเวช,29
481,มนชนก แสงฉายเพียงเพ็ญ,28
482,พิมพ์จิรา เจริญลักษณ์,28
483,บุษกร หงษ์มานพ,31
484,ชนะพล สัตยา,32
485,ปาณิชดา แสงสุวรรณ,25
486,กัญญกร พินิจ,32
487,พลอย จินดาโชติ,37
488,พรทิพย์ สกิดใจ,39
489,พลอย หอวัง,34
490,เจนสุดา ปานโต สิริสันต์,37
491,ปรเมศร์ น้อยอ่ำ,54
492,ต่าย อรทัย,39
493,ปรีติ บารมีอนันต์,37
494,ณิชารีย์ โชคประจักษ์ชัด,28
495,ฑิฆัมพร ฤทธิ์ธาอภินันท์,32
496,ณัฏฐณิชา ดังวัธนาวณิชย์,23
497,พิตต้า ณ พัทลุง,36
498,นาคร ศิลาชัย,55
499,ยศสินี ณ นคร,42
500,ปวีณ์นุช แพ่งนคร,38
501,ธีมะ กาญจนไพริน,38
502,มณีรัตน์ คำอ้วน,34
503,จักรพันธ์ ตัณฑะสุวรรณะ,36
504,สุเมธ องอาจ,50
505,เรน (นักร้อง),37
506,พศิน เรืองวุฒิ,45
507,นภัสสร ภูธรใจ,37
508,ปิยนุช เสือจงพรู,37
509,ดวงดาว จารุจินดา,68
510,เดอะสตาร์ ค้นฟ้าคว้าดาว ปี 2,36
511,เปาวลี พรพิมล,28
512,ติ๊ก กลิ่นสี,58
513,ปาณิสรา อารยะสกุล,38
514,ศกุนตลา เทียนไพโรจน์,42
515,ธีรพงศ์ เหลียวรักวงศ์,58
516,ดารัณ ฐิตะกวิน,49
517,สายฟ้า เศรษฐบุตร,44
518,ไปรมา รัชตะ,53
519,เป็นเอก รัตนเรือง,58
520,พรทิพย์ ปาปะนัย,38
521,ฉายนันทน์ มโนมัยสันติภาพ,35
522,มนัสนันท์ พันเลิศวงศ์สกุล,36
523,กมล สุโกศล แคลปป์,50
524,เจฟฟรีย์ รัช,68
525,จอห์นนี เดปป์,56
526,แดเนียล เดย์-ลูวิส,62
527,เคต วินสเล็ต,44
528,คลินต์ อีสต์วุด,89
529,สันติ แต้พานิช,45
530,คาเรน ม็อก,49
531,ณัฐฐาวีรนุช ทองมี,40
532,วรภร เลิศเกียรติไพบูลย์,30
533,ขันเงิน เนื้อนวล,43
534,ณัฐฐชาช์ บุญประชม,33
535,พิมพ์ผกา เสียงสมบุญ,49
536,ธนากร ชินกูล,37
537,คณาธิป สุนทรรักษ์,34
538,ณัฏฐพงษ์ ชาติพงษ์,33
539,ฉบับร่าง:นภัสรัญชน์ มิตรธีรโรจน์,48
540,นพชัย ชัยนาม,46
541,วันชนะ สวัสดี,47
542,ผุสชา โทณะวณิก,60
543,ชลิต เฟื่องอารมย์,71
544,กฤตธีรา อินพรวิจิตร,50
545,ภัคจีรา วรรณสุทธิ์,43
546,มรกต แสงทวีป,36
547,ศรัณยู ประชากริช,36
548,คลาวเดีย จักรพันธุ์,40
549,กุลณัฐ กุลปรียาวัฒน์,43
550,วาสนา พูนผล,49
551,จักรภัทร วรรธนะสิน,16
552,กวินนา สุวรรณประทีป,48
553,กัลยา เลิศเกษมทรัพย์,45
554,พิมพ์ศิริ พิมพ์ศรี,38
555,รมิดา ประภาสโนบล,37
556,เพชรดา เทียมเพ็ชร,42
557,สุชาดา พูนพัฒนสุข,43
558,วิมลพันธ์ ชาลีจังหาญ,51
559,ฉลอง ภักดีวิจิตร,88
560,อาภาพร นครสวรรค์,50
561,รัชนก ศรีโลพันธุ์,37
562,เสถียร ทำมือ,36
563,ปิยะ เศวตพิกุล,51
564,ธนาภรณ์ จิตต์จำรึก,51
565,ชไมพร สิทธิวรนันท์,43
566,นวพล ลำพูน,31
567,บิณฑ์ บรรลือฤทธิ์,57
568,วิไลวรรณ วัฒนพานิช,88
569,สิวะ แตรสังข์,55
570,ลิขิต เอกมงคล,62
571,รอน บรรจงสร้าง,55
572,เฉลิมพล ทิฆัมพรธีรวงศ์,30
573,วรรณวลัย โปษยานนท์,43
574,ภัทรศยา เครือสุวรรณศิริ,31
575,คณิน ชอบประดิถ,29
576,คณิน สแตนลีย์,30
577,ชนกสุดา รักษนาเวศ,25
578,นันทวัฒน์ อาศิรพจนกุล,41
579,อัลเบิร์ท เดมอน,43
580,ลีโอ พุฒ,43
581,วุฒิสิทธิ์ สืบสุวรรณ,43
582,สุรศักดิ์ วงษ์ไทย,55
583,ไพโรจน์ ใจสิงห์,76
584,พริมรตา เดชอุดม,36
585,ทนงศักดิ์ ศุภการ,58
586,วงศกร รัศมิทัต,59
587,มนตรี เจนอักษร,64
588,อริชัย อรัญนารถ,53
589,ชญาดา ลิ่วเฉลิมวงศ์,44
590,อินทิรา แดงจำรูญ,40
591,ชฎาธิรัฏฐ์ เลิศทวีสิน,40
592,ภาคภูมิ วงษ์จินดา,54
593,รชยา รักกสิกรณ์,43
594,ภาณุเดช วัฒนสุชาติ,53
595,จาตุรงค์ มกจ๊ก,56
596,ค่อม ชวนชื่น,63
597,ธงธง มกจ๊ก,49
598,ณัฐธีร์ โกศลพิศิษฐ์,40
599,ชลรัศมี งาทวีสุข,37
600,อริสรา กำธรเจริญ,45
601,กัว ฟู่เฉิง,54
602,ซู ฉี,43
603,สิทธิพร นิยม,45
604,ชาช่า อัลเทอร์เมท,41
605,อริต์ตา รามณรงค์,28
606,แดนอรุณ รามณรงค์,23
607,ปฏิวัติ เรืองศรี,46
608,ปิยะวัฒน์ เข็มเพชร,46
609,อุบลวรรณ บุญรอด,42
610,ปทุมรัตน์ วรมาลี,47
611,ไมค์ กิ่งโพยม,38
612,ธงชัย ประสงค์สันติ,57
613,คุณาธิป ปิ่นประดับ,25
614,ยุทธเลิศ สิปปภาค,53
615,เฉลิมพล มาลาคำ,57
616,ศิริพร อำไพพงษ์,55
617,มนต์แคน แก่นคูน,46
618,ภูศิลป์ วารินรักษ์,27
619,เอิ้นขวัญ วรัญญา,28
620,สุรัตน์ติกานต์ พรรคเจริญ,36
621,แช่ม แช่มรัมย์,44
622,ดุสิตา อนุชิตชาญชัย,43
623,กัลย์กมล จิรชัยศักดิ์เดชา,34
624,พี สะเดิด,42
625,พลอยไพลิน ตั้งประภาพร,23
626,รพีภัทร เอกพันธ์กุล,34
627,มิกค์ ทองระย้า,27
628,ณัฏฐ์ ทิวไผ่งาม,30
629,โหน่ง ชะชะช่า,46
630,ฉันทนา กิติยพันธ์,74
631,สุริยา ชินพันธุ์,67
632,แอนเดรีย สวอเรซ,41
633,ถั่วแระ เชิญยิ้ม,67
634,กฤตฤทธิ์ บุตรพรม,31
635,วงศกร ปรมัตถากร,39
636,กรรณาภรณ์ พวงทอง,32
637,ธาราเขต เพ็ชร์สุกใส,29
638,วศิน อัศวนฤนาท,28
639,วรากร ศวัสกร,27
640,พงศกร โตสุวรรณ,28
641,เฌอมาวีร์ สุวรรณภาณุโชค,27
642,คริษฐา สังสะโอภาส,23
643,ภัณฑิรา พิพิธยากร,20
644,สพล อัศวมั่นคง,26
645,ยศวรรธน์ ทะวาปี,23
646,เมลดา สุศรี,23
647,รังสิต ศิรนานนท์,35
648,ธนากร ศรีบรรจง,24
649,ศิริพิชญ์ วิมลโนช,43
650,ภัทรานิษฐ์ วิริยะบำรุงกิจ,26
651,ชยพล บุนนาค,27
652,ปิติพน พรตรีสัตย์,28
653,ซอนญ่า สิงหะ,25
654,ณัฐวัฒน์ เปล่งศิริวัธน์,36
655,ปราณวรินทร์ ปามี,28
656,ธัญสินี พรมสุทธิ์,35
657,ภัทรานิษฐ์ คำกำพุด,24
658,พัชริดา วัฒนา,52
659,ศตวรรษ เศรษฐกร,37
660,กันต์ กันตถาวร,34
661,ฐรินดา กรรณสูต,41
662,ลัคนา หวงมณีรุ่งโรจน์,36
663,หญิง ธิติกานต์ อาร์สยาม,36
664,วินัย ไกรบุตร,50
665,พนมกร ตังทัตสวัสดิ์,42
666,ทิสานาฏ ศรศึก,26
667,ฮาน่า ลีวิส,27
668,อัญรินทร์ ธีราธนันพัฒน์,29
669,ภานุวัฒน์ เกิดทองทวี,23
670,ธนิดา กาญจนวัฒน์,35
671,สายัณห์ จันทรวิบูลย์,71
672,ครรชิต ขวัญประชา,79
673,กล้วย เชิญยิ้ม,63
674,เด่น ดอกประดู่,78
675,วนิดา แสงสุข,50
676,เล็ก ไอศูรย์,58
677,แมงปอ ชลธิชา,36
678,สุดา ชื่นบาน,75
679,เอกชัย ศรีวิชัย,57
680,ดาวใจ ไพจิตร,65
681,เห็ดเผาะ เชิญยิ้ม,38
682,ธัญญา รัตนมาลากุล,32
683,มนต์สิทธิ์ คำสร้อย,55
684,โย่ง เชิญยิ้ม,61
685,พิมพ์ลดา ไชยปรีชาวิทย์,37
686,ศิรินทรา นิยากร,55
687,เทพ โพธิ์งาม,70
688,ธนัชพันธ์ บูรณาชีวาวิไล,34
689,ไมเคิ่น ตั๋ง,57
690,พรพิมล ธรรมสาร,55
691,ดีใจ ดีดีดี,53
692,พิเชษฐ์ไชย ผลดี,41
693,โชคชัย เจริญสุข,46
694,รอง เค้ามูลคดี,73
695,สิรคุปต์ เมทะนี,51
696,บดินทร์ ดุ๊ก,53
697,วิทิต แลต,50
698,ณัฐนันท์ คุณวัฒน์,43
699,โอลิเวอร์ บีเวอร์,48
700,สมบัติ เมทะนี,82
701,ดนัย จิรา,39
702,กีรติ เทพธัญญ์,45
703,ชลประคัลภ์ จันทร์เรือง,65
704,ทรนง ศรีเชื้อ,67
705,ปราบ ยุทธพิชัย,49
706,ตฤณ เศรษฐโชค,52
707,นัฐฐพนธ์ ลียะวณิช,38
708,รดา ศิริมะณีวัฒนา,29
709,ภัณฑิลา ฟูกลิ่น,32
710,ภัสสร บุณยเกียรติ,51
711,ปรียากานต์ ใจกันทะ,27
712,นันทนัช โล่ห์สุวรรณ,25
713,วรรณปิยะ ออมสินนพกุล,28
714,ฐกฤต ตวันพงค์,30
715,ดวงใจ หทัยกาญจน์,66
716,กัมมัญญ์ กลมแก้ว,29
717,ภูริตา สุปินชุมภู,26
718,วรฤทธิ์ เฟื่องอารมย์,42
719,ณัฐธิดา ตรีชัยยะ,19
720,พงษ์พันธ์ เพชรบัณฑูร,36
721,โฆษวิส ปิยะสกุลแก้ว,37
722,โอภาส ทศพร,59
723,วินธัย สุวารี,50
724,อรินทร์มาศ บุญครองทรัพย์,36
725,ชาลี ไตรรัตน์,27
726,สุวิกรม อัมระนันทน์,31
727,ปีเตอร์ ธูนสตระ,46
728,ดิลก ทองวัฒนา,63
729,สมมาตร ไพรหิรัญ,66
730,ไกรสร แสงอนันต์,62
731,เพชรา เชาวราษฎร์,77
732,ชลิดา ตันติพิภพ,46
733,ภูธฤทธิ์ พรหมบันดาล,50
734,ศุกล ศศิจุลกะ,52
735,ทัตพงศ์ พงศทัต,50
736,สีดา พัวพิมล,65
737,คริสติน มารี นีเวล,41
738,ซินดี้ บิชอพ,41
739,พลอย ศรนรินทร์,19
740,หลิว อี้เฟย์,32
741,วรรัตน์ สุวรรณรัตน์,43
742,นิรัตติศัย กัลย์จาฤก,58
743,ศิรัฐ วิทยถาวรวงศ์,33
744,ธนัชชัย วิจิตรวงศ์ทอง,23
745,ชูเกียรติ ศักดิ์วีระกุล,38
746,มาร์โค เมาเร่อ,36
747,อภิญญา สกุลเจริญสุข,29
748,ราเชนทร์ ลิ้มตระกูล,51
749,พุฒิพงศ์ พรหมสาขา ณ สกลนคร,56
750,เอ็ด เวสต์วิก,32
751,บรรจง ปิสัญธนะกูล,40
752,จุมพล อดุลกิตติพร,29
753,กัญญารัตน์ จิรรัชชกิจ,43
754,พิรพัฒน์ วัฒนเศรษสิริ,26
755,ณวัชร์ พุ่มโพธิงาม,24
756,วรนิษฐ์ ถาวรวงศ์,23
757,พัทธดนย์ จันทร์เงิน,23
758,ณภัทร โชคจินดาชัย,25
759,ธีรดนย์ ศุภพันธุ์ภิญโญ,22
760,เสฎฐวุฒิ อนุสิทธิ์,22
761,กันต์ ชุณหวัตร,26
762,ธิติ มหาโยธารักษ์,23
763,กิตติ เชี่ยววงศ์กุล,39
764,วิเชียร กุศลมโนมัย,41
765,ลักขณา อมิตรสูญ,36
766,ลลนา สุลาวัลย์,59
767,อรัญญา นามวงศ์,72
768,ลินดา ค้าธัญเจริญ,63
769,วรรษมน วัฒโรดม,58
770,สุรสีห์ ผาธรรม,71
771,ปิยะ ตระกูลราษฎร์,65
772,วิฑูรย์ กรุณา,64
773,ชัชฎาภรณ์ ธนันทา,40
774,ธาดา เศวตศิลา,63
775,นัยนา ชีวานันท์,62
776,ดวงตา ตุงคะมณี,65
777,เมฆ เมฆวัฒนา,25
778,เปียทิพย์ คุ้มวงศ์,71
779,เนาวรัตน์ ยุกตะนันท์,62
780,อำภา ภูษิต,60
781,พล พลาพร,65
782,วสันต์ อุตตมะโยธิน,64
783,อดิเรก วัฏลีลา,64
784,สนานจิตต์ บางสพาน,65
785,วินิจ เลิศรัตนชัย,59
786,ธัญญา โสภณ,58
787,กาญจนา จินดาวัฒน์,61
788,นิออน อิสรา,49
789,โก๊ะตี๋ อารามบอย,39
790,ปรียาดา สิทธาไชย,31
791,วรรษพร วัฒนากุล,32
792,อาเมเรีย จาคอป,30
793,ชวัลกร วรรธนพิสิฐกุล,31
794,แพร เอมเมอรี่,33
795,นนทพันธ์ ใจกันทา,32
796,ชวัลนันท์ จันทร์ทรัพย์,34
797,ศรศิลป์ มณีวรรณ์,28
798,กวิตา จินดาวัฒน์,30
799,ขวัญกวินท์ ธำรงรัฐเศรษฐ์,31
800,นันทศัย พิศลยบุตร,37
801,ณธิดา ภัทรชาญไชย,27
802,มัณฑนา หิมะทองคำ,43
803,พรชดา วราพชระ,22
804,พิมพาภรณ์ เสริมพณิชกิจ,28
805,ณธษา เวชประสิทธิ์,22
806,พรหมพิริยะ ทองพุทธรักษ์,27
807,วิภพ บางยี่ขัน,44
808,ใจบัว ฮิดดิง,24
809,บุศรินทร์ วงศ์ลีลนนท์,22
810,ตากเพชร เลขาวิจิตร,29
811,สุพิชฌาย์ ศรีสวัสดิ์,22
812,เกียรติภูมิ บันลือชัยฤทธิ์,18
813,แก้วใส คริสตัล,25
814,อติมา ธนเสนีวัฒน์,34
815,ธัญญ์ ธนากร,39
816,จาด้า อินโตร์เร,26
817,กณิณ ปัทมนันถ์,31
818,ธนพล นิ่มทัยสุข,35
819,จิระ มะลิกุล,59
820,กันตา ดานาว,48
821,ทัศน์วรรณ เสนีย์วงศ์ ณ อยุธยา,68
822,เต็มฟ้า กฤษณายุธ,24
823,ดราภดา โสตถิพิทักษ์,34
824,พีชญา วัฒนามนตรี,30
825,ธันวา สุริยจักร,28
826,สุรบดินทร์ สมบัติเจริญ,37
827,มนัญญา ตริยานนท์,35
828,อัษฎาพร สิริวัฒน์ธนกุล,30
829,ชุติมา ดุรงค์เดช,34
830,ชัญษร สาครจันทร์,29
831,ตุ๊กกี้ ชิงร้อยชิงล้าน,40
832,พิชญา เชาวลิต,32
833,อธิชนัน ศรีเสวก,31
834,น้อย โพธิ์งาม,64
835,เจนนิเฟอร์ โปลิตานนท์,37
836,ชนะ คราประยูร,70
837,วรวุฒิ นิยมทรัพย์,48
838,ปรมะ อิ่มอโนทัย,33
839,วนิดา เติมธนาภรณ์,36
840,มทิรา ตันติประสุต,23
841,ธารา ทิพา,24
842,ธัญชนก กู๊ด,22
843,ศุภักษร,66
844,พอเจตน์ แก่นเพชร,71
845,ศัลย์ อิทธิสุขนันท์,45
846,นินนาท สินไชย,43
847,ชนานา นุตาคม,56
848,ทัศนาวลัย จักรพงษ์,41
849,คริสโตเฟอร์ ไรท์,41
850,วรานุช พุทธชาติ,40
851,ชาย เมืองสิงห์,80
852,แคท รัตกาล,46
853,ข้าวทิพย์ ธิดาดิน,30
854,มด อุบลมณี,34
855,พนม นพพร,73
856,ศรชัย เมฆวิเชียร,67
857,สัญญา พรนารายณ์,64
858,มาริษา อมาตยกุล,80
859,กิตติคุณ สัมฤทธิ์พันธ์สุข,34
860,ทัฬห์ อมรบุณยกร,48
861,ส้มเช้ง สามช่า,52
862,วัชระ ตังคะประเสริฐ,47
863,ทัชชกร ยีรัมย์,44
864,ชลัฏ ณ สงขลา,40
865,มณฑล จิรา,40
866,รังสิโรจน์ พันธุ์เพ็ง,45
867,ธนฉัตร ตุลยฉัตร,29
868,เจมี่ บูเฮอร์,37
869,ไอยวริญท์ โอสถานนท์ โธมัส,32
870,ปวริศร์ มงคลพิสิฐ,44
871,กรุณ ซอโสตถิกุล,39
872,ซันนี่ สุวรรณเมธานนท์,38
873,พงศกร มหาเปารยะ,38
874,เฟี้ยว์ฟ้าว สุดสวิงริงโก้,36
875,สุมณทิพย์ ชี,31
876,อารีย์ นักดนตรี,87
877,สุเชาว์ พงษ์วิไล,74
878,อัชชา นามปาน,35
879,ทาริกา ธิดาทิตย์,67
880,วิศิษฏ์ ศาสนเที่ยง,55
881,ฐิภารินทร์ ยอดธนาสวัสดิ์,30
882,ชลธิชา นวมสุคนธ์,36
883,ชมพูนุช ปิยธรรมชัย,36
884,กวินตรา โพธิจักร,33
885,พิมพ์ ญาดา,40
886,คำลี่ พิลาวง,31
887,ศนันธฉัตร ธนพัฒน์พิศาล,25
888,อธิชาติ ชุมนานนท์,39
889,ปิยวดี มาลีนนท์,41
890,อเล็กซานดร้า ธิดาวัลย์ บุญช่วย,32
891,อติรุจ สิงหอำพล,33
892,เอกพงศ์ จงเกษกรณ์,37
893,ธนา เอี่ยมนิยม,31
894,เด่นคุณ งามเนตร,25
895,ธนพล พีชะพัฒน์,29
896,ภัชธร ธนวัฒน์,24
897,นิชานันท์ ฝั้นแก้ว,35
898,ปริยานุช อาสนจินดา,34
899,กมลวรรณ ศรีวิไล,31
900,ขอขวัญ เรสตอล,22
901,จิรพัฒน์ สุตตปัญญา,33
902,อรเณศ ดีคาบาเลส,25
903,ธรรศภาคย์ ชี,28
904,ปกฉัตร เทียมชัย,33
905,อุษณีย์ วัฒฐานะ,38
906,วชิรวิชญ์ ไพศาลกุลวงศ์,23
907,ชนกันต์ อาพรสุทธินันธ์,24
908,เบนจามิน โจเซฟ วาร์นี,28
909,เตชธร จามิกรณ์,28
910,ธนิน มนูญศิลป์,29
911,ภัทราริน ปัญญานุตธรรม,38
912,ชนม์ทิดา อัศวเหม,25
913,วฤษฎิ์ ศิริสันธนะ,29
914,ทองภูมิ สิริพิพัฒน์,32
915,ชลลดา เมฆราตรี,41
916,พิชญ์นาฏ สาขากร,38
917,กนิษฐ์ สารสิน,55
918,ยุทธนา บุญอ้อม,52
919,อินทัช เหลียวรักวงศ์,26
920,ปีเตอร์ เดนแมน,23
921,ณิชชาพัณณ์ ชุณหะวงศ์วสุ,34
922,อัมราภัสร์ วรรธนะกุล,34
923,กังสดาล สุขแก้ว,40
924,กลศ อัทธเสรี,61
925,อมลรดา ไชยเดช,22
926,ธัชชา พุ่มอ่อน,33
927,มาริสา อานิต้า,37
928,เจสสิกา ภาสะพันธุ์,31
929,สุชาร์ มานะยิ่ง,32
930,กันยรินทร์ นิธินพรัศม์,31
931,เกิร์ลลีเบอร์รี,36
932,ไอรดา ศิริวุฒิ,31
933,ณัฐดนัย ชนิตร์วัฒน์,30
934,คณิน บัดติยา,33
935,ณวัฒน์ อิสรไกรศีล,46
936,ซาร่า ผุงประเสริฐ,42
937,หลุยส์ สก๊อต,38
938,กนกวรรณ ด่านอุดม,74
939,ศันสนีย์ วัฒนานุกูล,74
940,ปัทมา ปานทอง,52
941,รัชนู บุญชูดวง,66
942,ปวริศา เพ็ญชาติ,35
943,ศุภกิจ ตังทัตสวัสดิ์,46
944,ญดา โชติชูตระกูล,40
945,ยุกต์ ส่งไพศาล,31
946,อังศุมาลิน สิรภัทรศักดิ์เมธา,28
947,อัญชสา มงคลสมัย,26
948,ไกรลาศ เกรียงไกร,69
949,จุฑารัตน์ อนุศิลป์,23
950,พลภัคค์ วัชรพงศ์หิรัญ,29
951,เดชบดินทร์ ฉายทองดี,33
952,คุณากร เกิดพันธุ์,49
953,ภรภัทร ศรีขจรเดชา,25
954,นัตยา ทองเสน,22
955,ธนภัทร กาวิละ,26
956,ณศิวัชร์ นพภิรมย์ไชย,44
957,ธนิจจิญญา ธนันต์ชัยกานต์,27
958,พัสสน ศรินทุ,45
959,ปานเลขา ว่านม่วง,56
960,กิติพัฒน์ รัตนเศรณี,30
961,พชรพล ศุขอร่าม,28
962,ดอน ธีระธาดา,44
963,ชาติชาย งามสรรพ์,46
964,ตรีรัก รักการดี,53
965,นิธินาฎ ราชนิยม,45
966,วราภรณ์ สมพงษ์,47
967,อภิสรา เกิดชูชื่น,41
968,บัญชา ชุมชัยเวทย์,50
969,สมาพร รังษีกุลพิพัฒน์,47
970,สาวิณี ปะการะนัง,55
971,โรเบิร์ต แพตตินสัน,33
972,คริสเตน สจ๊วต,29
973,ฮิว แจ็กแมน,51
974,หยาง จื่อฉยง,57
975,ดนัย จารุจินดา,37
976,พิจิกา จิตตะปุตตะ,39
977,สัจจากาจ จิตรพึงธรรม,39
978,แป้งโกะ,33
979,กวินรัฏฐ์ ยศอมรสุนทร,38
980,คณวัฒน์ จันทรลาวัณย์,30
981,กัญญา ลีนุตพงษ์,30
982,อพชินี อุตตมะโยธิน,39
983,ปริญญา อินทชัย,39
984,พงศกร เมตตาริกานนท์,28
985,กนก รัตน์วงศ์สกุล,56
986,พัทธดนย์ เกลี้ยงจันทร์,19
987,เชษฐวุฒิ วัชรคุณ,45
988,พุทธชาด พงศ์สุชาติ,46
989,บุศรา ศรีรุ่งเรือง,34
990,เตชินท์ พลอยเพชร,30
991,วิรากานต์ เสณีตันติกุล,30
992,จิลเลียน แอนเดอร์สัน,51
993,อินทิรา ยืนยง,45
994,จั๊กจั่น วันวิสา,29
995,ลำยอง หนองหินห่าว,40
996,ฮาย ชุติมา,21
997,รังสรรค์ ปัญญาเรือน,29
998,ชุติมา ทีปะนาถ,32
999,พัชชา พูนพิริยะ,25
1000,แจ๊ส ชวนชื่น,35
1001,อภิชาติพงศ์ วีระเศรษฐกุล,49
1002,คริสโตเฟอร์ ดอยล์,67
1003,กฤษดา สุโกศล แคลปป์,49
1004,ริค วชิรปิลันธิ์,42
1005,วิโนนา ไรเดอร์,48
1006,อัล ปาชิโน,79
1007,เฮเลน่า บอนแฮม คาร์เตอร์,53
1008,ฌอน เพนน์,59
1009,จอห์น มัลโควิช,66
1010,อีซาแบล อาจานี,64
1011,มารียง กอตียาร์,44
1012,ซานดรา บุลล็อก,55
1013,อุดม แต้พานิช,51
1014,หว่อง ก๊า ไหว่,61
1015,ภัทร เอกแสงกุล,24
1016,ภาณุ สุวรรณโณ,43
1017,จุลจักร จักรพงษ์,38
1018,จงเจต วัชรานันท์,44
1019,กรกมล เจริญชัย,29
1020,สุรพล โทณะวณิก,88
1021,ชลิตา เฟื่องอารมย์,43
1022,ดรูว์ แบร์รีมอร์,45
1023,ชนันภรณ์ รสจันทน์,38
1024,ทิตชญา ภูดิทกุลกานต์,31
1025,นฤเบศร์ จินปิ่นเพชร,51
1026,จิตต์โสภิณ ลิมปิสวัสดิ์,49
1027,ศิตา เมธาวี,47
1028,กัญจน์ ภักดีวิจิตร,43
1029,กรุง ศรีวิไล,74
1030,ดามพ์ ดัสกร,74
1031,พัณนิดา เศวตาสัย,54
1032,สิรินทร์ ก่อเกียรติ,30
1033,เอกพันธ์ บรรลือฤทธิ์,57
1034,ชุติมา นัยนา,52
1035,เก่อ หลาน,86
1036,บัณฑิตา ฐานวิเศษ,38
1037,รัชนก แสง-ชูโต,50
1038,ชลวิทย์ มีทองคำ,27
1039,นพจิรา ฤกษ์ขจรนามกุล,25
1040,รัชพงศ์ ทิวะธนเศรษฐ์,30
1041,ภคกัญญา เจริญยศ,24
1042,วิทยา ทองอยู่ยง,46
1043,ศิณะ อุ่นทรพันธุ์,35
1044,กัญญา รัตนเพชร์,30
1045,โทบีย์ แมไกวร์,44
1046,แอนนา โรจน์รุ่งฤกษ์,54
1047,สุทิศา พัฒนุช,73
1048,ยอดชาย เมฆสุวรรณ,74
1049,อนุสรา จันทรังษี,52
1050,แบรด พิตต์,56
1051,แม็ตต์ เดม่อน,49
1052,ไอศูรย์ วาทยานนท์,53
1053,อธิวัฒน์ สนิทวงศ์ ณ อยุธยา,53
1054,พัสกร พลบูรณ์,30
1055,โฟกัส จีระกุล,27
1056,โรเบิร์ต ดอกมะดัน,54
1057,เกรียงไกร อังคุณชัย,41
1058,พงศ์สุข หิรัญพฤกษ์,42
1059,เจิ้ง อี้เจี้ยน,52
1060,หลิว เต๋อหัว,58
1061,รสริน จันทรา,58
1062,อาริษา วิลล์,32
1063,นพพล พิทักษ์โล่พานิช,39
1064,อัมรินทร์ สิมะโรจน์,42
1065,ศราวุธ นวแสงอรุณ,42
1066,ธันยาธนัส วงษ์สวัสดิ์ปภา,37
1067,ธัญญชล สถิรบุตร,35
1068,สเตฟานี เลอร์ช,26
1069,อานัส ฬาพานิช,41
1070,ธีร์ วณิชนันทธาดา,34
1071,ภูษณะ บัวงาม,28
1072,รัชชานนท์ สุประกอบ,30
1073,หลุยส์ เฮสดาร์ซัน,28
1074,สุรเกียรติ บุนนาค,26
1075,เทวินธวิ์ คุณารัตนวัฒน์,36
1076,ปภาดา กลิ่นสุมาลย์,24
1077,จักรพันธ์ วงศ์คณิต,26
1078,ฉัตรดาว สิทธิผล,27
1079,พิง ลำพระเพลิง,53
1080,คูณ ภูบดินทร์,33
1081,รุ่งฤดี แพ่งผ่องใส,73
1082,กุลธิดาฐ์ อักษรนันทน์,32
1083,จุฑาภัทร เหล่าธรรมทัศน์,27
1084,ชาลี อินทรวิจิตร,96
1085,โจอี้ เชิญยิ้ม,46
1086,ปริยะ วิมลโนช,41
1087,พลังธรรม กล่อมทองสุข,43
1088,อรวรรณ เย็นพูนสุข,55
1089,อาทิตย์ ตั้งสวัสดิ์รัตน์,41
1090,ชัยนนท์ จันทร์เต็ม,31
1091,เกวลิน คอตแลนด์,40
1092,ดอน สอนระเบียบ,70
1093,ดาว มยุรี,50
1094,คูณพสิล จารุจินดา,42
1095,ต๋อง ชวนชื่น,42
1096,เด๋อ ดอกสะเดา,68
1097,รุ้งนภัฐ บริจินดากุล,40
1098,ชล อภิชาติ,42
1099,เยาวเรศ นิสากร,78
1100,ไพศาล ขุนหนู,28
1101,โยกเยก เชิญยิ้ม,39
1102,ณัฐนี สิทธิสมาน,71
1103,สัมพันธ์ พันธุ์มณี,92
1104,จอร์จ คลูนีย์,58
1105,ไมเคิล เคน,86
1106,เลียม นีสัน,67
1107,แฮร์ริสัน ฟอร์ด,77
1108,มอร์แกน ฟรีแมน,82
1109,หลี่ เหลียนเจี๋ย,56
1110,สะแกวัลย์ ยงใจยุทธ,45
1111,วาทิต โสภา,28
1112,รัฐธีร์ วรโรจน์โยธิน,25
1113,เกศรินทร์ น้อยผึ้ง,20
1114,เจสสิก้า เอสพินเนอร์,23
1115,อมรา อัศวนนท์,82
1116,จิลล์ โรเจอร์,30
1117,อลิศ คริสตัน,54
1118,รวิช ไรวินท์,42
1119,เจจินตัย อันติมานนท์,41
1120,วรพล จินตโกศล,19
1121,ชวินทร์วุฒิ ก้องธรนินทร์,28
1122,อรสา พรหมประทาน,68
1123,ปิยะมาศ โมนยะกุล,67
1124,วัทธิกร เพิ่มทรัพย์หิรัญ,28
1125,ประชากร ปิยะสกุลแก้ว,30
1126,วรฤทธิ์ ไวยเจียรนัย,42
1127,อลิษา ขจรไชยกุล,53
1128,พิมพ์แข กุญชร ณ อยุธยา,69
1129,วิยะดา อุมารินทร์,65
1130,อรอนงค์ ปัญญาวงศ์,47
1131,นัฏฐา ลอยด์,56
1132,เจี๊ยบ เชิญยิ้ม,46
1133,ออย ช็อคกิ้งพิ้งค์,39
1134,ธัญญา สื่อสันติสุข,46
1135,คหบดี กัลย์จาฤก,31
1136,ศรุต วิจิตรานนท์,48
1137,ธนายง ว่องตระกูล,49
1138,คามิลล่า กิตติวัฒน์,24
1139,ธัญวิสิฎฐ์ เสียงหวาน,39
1140,สุรศักดิ์ โชติทินวัฒน์,39
1141,ณัฐพล ไรยวงค์,23
1142,ปภาวดี ชาญสมอน,23
1143,ปรีชญา พงษ์ธนานิกร,30
1144,นันทวุฒิ บุญรับทรัพย์,26
1145,อริษรา วิทวัส,30
1146,สรัลชนา อภิสมัยมงคล,19
1147,หฤษฎ์ ชีวการุณ,23
1148,พาริส อินทรโกมาลย์สุต,21
1149,กัญญาวีร์ สองเมือง,23
1150,นฤภรกมล ฉายแสง,21
1151,ธนภพ ลีรัตนขจร,26
1152,นัฐวุฒิ พูนพิริยะ,38
1153,อิษยา ฮอสุวรรณ,23
1154,มารี เออเจนี เลอเลย์,28
1155,นรีกุล เกตุประภากร,22
1156,อู๊ด เป็นต่อ,44
1157,รณ ฤทธิชัย,70
1158,อาคม มกรานนท์,88
1159,ยอดมนู ภมรมนตรี,61
1160,พัน พลุแตก,46
1161,ซาแมนต้า แสงสิงแก้ว ไฮด์,36
1162,พงษ์พิสุทธิ์ ผิวอ่อน,34
1163,กิตติยา จิตรภักดี,20
1164,ยงยุทธ ทองกองทุน,53
1165,รัฐศาสตร์ กรสูต,44
1166,อิสราภรณ์ จันทรโสภาคย์,40
1167,ณฐมน ภูวะปัจฉิม,38
1168,อภิษฎา เครือคงคา,34
1169,อัครัฐ นิมิตรชัย,34
1170,หลิน จื้ออิ่ง,45
1171,ชูพงษ์ ช่างปรุง,38
1172,วรรณพร ฉิมบรรจง,39
1173,รัตนรัตน์ เอื้อทวีกุล,34
1174,เอมิกา บูเฮอร์,33
1175,ฟ้ารุ่ง ยุติธรรม,32
1176,ชุติมณฑน์ จึงเจริญสุขยิ่ง,24
1177,วงศ์รวี นทีธร,21
1178,เทย่า โรเจอร์ส,34
1179,นวลปรางค์ ตรีชิต,63
1180,จินตนา สุขสถิตย์,81
1181,กฤชกนก สวยสด,28
1182,พัทธ์ธีรา ศรุติพงศ์โภคิน,29
1183,ญาณิน วิสมิตะนันทน์,35
1184,นาระ เอื้อทวีกุล,34
1185,วินเซ็นต์ คินนี่,34
1186,สรัลธร คล้ายอุดม,28
1187,นิติ ชัยชิตาทร,38
1188,พรพรรณ วนา,54
1189,ศุภนาฎ จิตตลีลา,29
1190,ปิยา พงศ์กุลภา,35
1191,ภัทรนันท์ ดีรัศมี,34
1192,มนัญญา ลิ่มเสถียร,35
1193,สมภพ เบญจาธิกุล,74
1194,พรพรรณ เกษมมัสสุ,59
1195,อโณมา ศรัณย์ศิขริน,40
1196,กรภัทร์ เกิดพันธุ์,19
1197,นรภัทร วิไลพันธุ์,22
1198,คทรีน่า กลอส,40
1199,คาเรน คล่องตรวจโรค,37
1200,คัคกิ่งรักส์ คิคคิคสะระณัง,37
1201,รัศมี ทองสิริไพรศรี,42
1202,อาภาศิริ นิติพน,48
1203,พรหมพร ยูวะเวส,48
1204,จู๊ด ลอว์,47
1205,ชารอน สโตน,62
1206,เม็ก ไรอัน,58
1207,สเตลลา แม็กซ์เวลล์,29
1208,แฮลลี เบร์รี,53
1209,แอชลีย์ จัดด์,51
1210,วูดดี อัลเลน,84
1211,นิโคล คิดแมน,52
1212,จาง จื่ออี๋,41
1213,วิน ดีเซล,52
1214,ชวลิต ศรีมั่นคงธรรม,43
1215,วิชุดา พินดั้ม,43
1216,เดวิด ดูคอฟนี,59
1217,รัชชุ สุระจรัส,30
1218,วศิษฏ์ ผ่องโสภา,31
1219,ยุวทิพย์ อาระยานิมิตสกุล,35
1220,นวพล ธำรงรัตนฤทธิ์,36
1221,สิตางศุ์ ปุณภพ,34
1222,จาง อี้โหมว,69
1223,เฉิน ข่ายเกอ,67
1224,กัส แวน แซงต์,67
1225,โคลิน เฟิร์ธ,59
1226,แจ็ก นิโคลสัน,82
1227,ทิม ร็อบบินส์,61
1228,โอลิเวอร์ สโตน,73
1229,มิเชลล์ ไฟฟ์เฟอร์,61
1230,ซิลเวสเตอร์ สตอลโลน,73
1231,เคอานู รีฟส์,55
1232,ฮิว แกรนต์,59
1233,ก้อง ห้วยไร่,32
1234,เกรซ มหาดำรงค์กุล,50
1235,ปรัชญา ปิ่นแก้ว,57
1236,เกวลิน ศรีวรรณา,28
1237,ลีโอนาร์โด ดิแคพรีโอ,45
1238,จรัสพงษ์ สุรัสวดี,67
1239,สุภัค ลิขิตกุล,68
1240,เอกภพ จันทรังษี,45
1241,พลวัฒน์ มนูประเสริฐ,56
1242,เจนนิเฟอร์ อนิสตัน,51
1243,แอนเจลีนา โจลี,44
1244,จูเลีย โรเบิตส์,52
1245,โรเบิร์ต เรดฟอร์ด,83
1246,กวินเน็ธ พัลโทรว์,47
1247,อรุโณทัย นฤนาท,52
1248,เจอาร์ กิตติกุลวงศ์,34
1249,ปรารถนา องค์ชัยศักดิ์,41
1250,เส้า เหม่ยฉี,55
1251,แจ็กเกอลิน อู๋,51
1252,เหลียง เฉาเหว่ย,57
1253,โจว เหวินฟะ,64
1254,หวง เย่อหัว,58
1255,เหมียว เฉียวเหว่ย,61
1256,ทัง เจิ้นเยี่ย,61
1257,อลัน ทัม,69
1258,โจว ซิงฉือ,57
1259,ทอม ครูซ,57
1260,เจิน จื่อตัน,56
1261,จาง เสฺวโหย่ว,58
1262,เฉิน อี้ซวิ่น,45
1263,หว่อง จิง,64
1264,เหริน ต๋าหัว,64
1265,ว่าน จื่อเหลียง,62
1266,รฤกฤกษ์ กัลย์จาฤก,29
1267,ฮารุ สุประกอบ,30
1268,มัณฑนา โมรากุล,96
1269,ศรินทิพย์ ศิริวรรณ,93
1270,ธานินทร์ อินทรเทพ,77
1271,ว็อล์ฟกัง เพเทอร์เซิน,78
1272,แมททิว บรอเดริก,57
1273,เดนเซล วอชิงตัน,65
1274,ยฺเหวียน เหอผิง,75
1275,หง จินเป่า,68
1276,เมล กิบสัน,64
1277,ลุก แบซง,60
1278,หวง ชิวเซิน,58
1279,เบรนแดน เฟรเซอร์,51
1280,เจสัน สเตธัม,52
1281,มิกกีย์ รูร์ก,67
1282,บรูซ วิลลิส,64
1283,อาร์โนลด์ ชวาร์เซเน็กเกอร์,72
1284,จาง ม่านอวี้,55
1285,ทาเกชิ คาเนชิโระ,46
1286,รวิสรา สวยสมเรียม,22
1287,อแมนด้า ออบดัม,24
1288,คีตภัทร อันติมานนท์,35
1289,จริญญา ศิริมงคลสกุล,27
1290,ปฐมพงศ์ เรือนใจดี,24
1291,ลาภิสรา อินทรสูต,25
1292,จุฑาวุฒิ ภัทรกำพล,26
1293,ณภัทร บรรจงจิตไพศาล,28
1294,วรัทยา ว่องชยาภรณ์,27
1295,สรัณณัฏฐ์ ประดู่คู่ยามดี,20
1296,คารีสา สปริงเก็ตต์,22
1297,ฐานัฐพ์ โล่ห์คุณสมบัติ,27
1298,พิจิตตรา สิริเวชชะพันธ์,39
1299,สุษิรา แน่นหนา,32
1300,อรัชพร โภคินภากร,25
1301,แจ็ค เชิญยิ้ม,37
1302,สุรัตนาวี ภัทรานุกุล,38
1303,พรเพ็ชร ธรรมะรัตน์ธนดี,31
1304,มณฑิราภา รัตตะกุญชร,36
1305,กุศลิน โควหกุล,35
1306,พลอยชมพู ศุภทรัพย์,25
1307,รมิดา จีรนรภัทร,20
1308,อภิชญา แซ่จัง,20
1309,พีรวัส แสงโพธิรัตน์,24
1310,ปุริม รัตนเรืองวัฒนา,22
1311,ทรงยศ สุขมากอนันต์,46
1312,กฤษณภูมิ พิบูลสงคราม,23
1313,ณภศศิ สุรวรรณ,28
1314,ชยนพ บุญประกอบ,35
1315,รวงทอง ทองลั่นธม,82
1316,โกวิท วัฒนกุล,66
1317,หม่อมหลวงสุรีย์วัล สุริยง,57
1318,ปริศนา พรายแสง,40
1319,วรยศ บุญทองนุ่ม,39
1320,พิมพ์ปวีณ์ พวงธนะสาร,38
1321,ซู โหย่วเผิง,46
1322,อู๋ ฉีหลง,49
1323,พิมรา เจริญภักดี,35
1324,กันตดนัย ชื่นหิรัญ,32
1325,อีธาน ฮอว์ก,49
1326,อูมา เธอร์แมน,49
1327,เควิน สเปซีย์,60
1328,จอห์น คูแซก,53
1329,แคลร์ เดนส์,40
1330,เคต แบลนเชตต์,50
1331,เอ็ด แฮร์ริส,69
1332,โจเซฟ ไฟนส์,49
1333,ไมเคิล ดักลาส,75
1334,รอเบิร์ต เดอ นิโร,76
1335,เดนนิส เควด,65
1336,ทอม แฮงส์,63
1337,มีอา ฟาร์โรว์,75
1338,บาซ เลอห์มานน์,57
1339,จูเลียน มัวร์,59
1340,เมอรีล สตรีป,70
1341,แอนโทนี ฮ็อปกินส์,82
1342,เรเน เซลเวเกอร์,50
1343,สฺวี เค่อ,70
1344,นิธิวัฒน์ ธราธร,45
1345,กง ลี่,54
1346,เฮเทอร์ แกรห์ม,50
1347,ซูเซิน ซาแรนดอน,73
1348,เอ็มมา ทอมสัน,60
1349,ฐา ขนิษ,27
1350,กันต์ดนย์ อะคาซาน,29
1351,จีน แฮกแมน,90
1352,ไดแอน คีตัน,74
1353,ฐนิชา ดิษยบุตร,42
1354,จอน วอยต์,81
1355,ฌอน คอนเนอรี,89
1356,เจอร์รี บรักไฮเมอร์,74
1357,วัล คิลเมอร์,60
1358,วิลล์ สมิธ,51
1359,เดมี มัวร์,57
1360,เติ้ง ชุ่ยเหวิน,54
1361,หลี เหม่ยเสียน,53
1362,โจว ไห่เม่ย,53
1363,เวิน เจ้าหลุน,55
1364,เสอ ซือม่าน,44
1365,ตู้ ฉีฟง,64
1366,อู๋ เมิ่งต๋า,68
1367,หลิว เจียหลิง,54
1368,กง ฉือเอิน,56
1369,ซัง เทียนเอ๋อ,57
1370,ชี เหม่ยเจิน,58
1371,หยาง พ่านพ่าน,61
1372,หวง เจ้าสือ,56
1373,จวง จิ้งเอ๋อร์,60
1374,จิ่ง ไต้อิง,58
1375,เฉิน อฺวี้เหลียน,59
1376,หวง ซิ่งซิ่ว,64
1377,จง ฉู่หง,60
1378,หลิน ชิงเสีย,65
1379,เคนนี่ บี,67
1380,หลี่ หมิง,53
1381,เฉิง จื้อเหว่ย์,66
1382,หลัว ไข่ชัน,31
1383,เคที โฮลมส์,41
1384,เจมี ฟ็อกซ์,52
1385,โอเวน วิลสัน,51
1386,กู่ เทียนเล่อ,49
1387,หลี่ เหลียงเหว่ย,63
1388,ฟ่าน ปิงปิง,38
1389,หมี เสว่,64
1390,มนัส ปิติสานต์,91
1391,ซาราห์ เจสสิกา พาร์กเกอร์,54
1392,โจดี ฟอสเตอร์,57
1393,รัสเซล โครว์,55
1394,เจ้า เหวินจั๋ว,47
1395,โจว ซวิ่น,45
1396,เฉินหลง,65
1397,เฮเลน ฮันต์,56
1398,โจเอล ชูมาเกอร์,80
1399,หวัง จู่เสียน,53
1400,ณัฏฐกันย์ อัมพรพงษ์,28
1401,พงศ์สิรี บรรลือวงศ์,35
1402,หม่อมหลวงอรรถดิศ ดิศกุล,26
1403,กุลธิดา พริ้งเกษมชัย,26
1404,กรภัสสรณ์ รัตนเมธานนท์,39
1405,เธียยะเกศ ไอยสุรางฆ์,31
1406,วีรยุทธ จันทร์สุข,28
1407,ปราชญา เรืองโรจน์,25
1408,หลิว ซือซือ,33
1409,จรีนา สิริสิงห,36
1410,เควิน เบคอน,61
1411,เรล์ฟ ไฟนส์,57
1412,แคเธอรีน ซีตา-โจนส์,50
1413,เจน ฟอนดา,83
1414,คริส โอดอนเนลล์,49
1415,ฌ็อง-โกลด ว็อง ดาม,59
1416,ร็อบ ชไนเดอร์,56
1417,จาง ป๋อจือ,39
1418,บรุก ชีลส์,54
1419,แลร์รี คิง,86
1420,จอร์จ เลเซนบี,80
1421,ทิโมธี ดาลตัน,73
1422,แดเนียล เคร็ก,52
1423,เจิ้ง หัวเชียน,54
1424,หลิว เหม่ยเจียน,52
1425,เจ้า เวย,43
1426,เจิ้ง เส้าชิว,73
1427,เกรียงศักดิ์ เหรียญทอง,66
1428,เฉิน กวานซี,39
1429,อู๋ จวินหรู,54
1430,เฉิน สงหลิง,49
1431,จ้าว หย่าจือ,65
1432,เฉิน หมิ่นเอ๋อ,60
1433,หวง เสี่ยวหมิง,42
1434,เหลียง เพ่ยหลิง,54
1435,จู อิน,48
1436,บาร์บรา สไตรแซนด์,77
1437,เบน สติลเลอร์,54
1438,เหอ เจียจิ้ง,60
1439,หลี่ ปิงปิง,47
1440,เจิ้ง เจียอิ่ง,49
1441,ไป่ เปียว,74
1442,คริส ทักเกอร์,48
1443,เจย์ซี ชาน,37
1444,แคทลีน เทอร์เนอร์,65
1445,หลิว ชิงยฺหวิน,56
1446,อู๋ เอี้ยนจู่,45
1447,วรางคนาง วุฑฒยากร,27
1448,ณัฐชยกานต์ ปากหวาน,23
1449,ภวัต จิตต์สว่างดี,19
1450,จอน บอน โจวี,58
1451,เริ่น เสียนฉี,53
1452,ทันย่า โรเบิตส์,64
1453,เรเชล ไวสซ์,50
1454,หลอ เจียเหลียง,57
1455,เอียน แม็กเคลเลน,80
1456,คริสทอฟ วัลซ์,63
1457,จิน เชาฉฺวิน,68
1458,ซุน ลี่,37
1459,เหลียง เสี่ยวปิง,50
1460,ตี้ หลุง,73
1461,หลิน เฟิง,40
1462,หวง จงเจ๋อ,39
1463,เคอ เจิ้นตง,28
1464,ชลธิชา อิ่มจรรยา,31
1465,โสภาพรรณ วิรุฬหมาศ,31
1466,ญาดา เทพนม,28
1467,เซท โรเกน,37
1468,คาเมรอน ดิแอซ,47
1469,เติ้ง เชา,41
1470,เดวิด เจียง,72
1471,อู๋ จัวซี,40
1472,เฉิน เสี่ยวตง,44
1473,ลูพีตา ญองอ,37
1474,นิโคล ริชชี,38
1475,จาเรด เลโท,48
1476,เจิ้ง เพ่ยเพ่ย,73
1477,เฉิน เจี้ยนเฟิง,41
1478,แชนนอน เลโท,50
1479,หม่า กั๋วหมิง,46
